uuid,paragraphs
30e3b7aa-cc2c-467a-88f8-31fcfa7ef6d7,बियाह होखला के बाद चाहे पहिले घर वालन हलवाई के बेवस्था करलन ताकी उ सारा घर के लोगन के खाना बना सके। साथी साथ उ खाना मे चावल दाल रोटी सबजी दहि बाड़ा कढ़ी बड़ी मोछी गुलाब जामून सलाद बुनिया आदी परोसेलन।
6e01beaa-6be7-4649-ae8b-13f4755dda89,लइका के जामे के दिन अ ओकर नाम रखे के दिन पतरा देख के कइल जाला। पण्डि जी पतरा देखेलन अ बतावे लन कौन दिन शुभ बा अ उ दिन मे कौन सा समय शुभ बा। ताकी ई सारा कार्य परोजन सहि से होसके।
406d2b9e-a9ed-48d6-b7a8-d6797d28eaed,बियाह के खरचा अ ओकर बेवस्था के कुल जिमा घर के सारा परिवार के लोग सम्हालेलन। खास कर के लइका और लइकी के पिता जी। बियाह पण्डि जी करवावेलन। जब केहु के आपन लइका या लइकि के बियाह करेके होला त उ ई बात अपन सारा रिस्तेदार दोस्त यार सगंघ्तीया मे बतावेलन। और जब उनके पता चलेला के फनला घरे लइका अ लइकी बियाहे के बीया त उ अपन लइका या लइकी के रिस्ता लेके ओकरा घरे जायलन। त जब उ जायलन त उ फहनला घरे जाकर के बोलेलन के हमरा आपन लइका या लइकी के बियाह करेके बा। और इनका के अगुआ कहल जाला।
f265975c-95ee-4318-bcdb-ed98f6968361,सबसे पहिले जब लइका जनम लेवेला त एक या दू दिन के बाद ओकरा नहवाइल जाला। फिर छठ्ठा दिन छठ्ठी होयला बरहवा दिन बरहि होयला ओर बिसवा दिन बिसौरी होयला। ओकरा बाद पांच महिना के बाद ओकर नाम करण होयला।
c1549c27-1330-47fe-a7ad-ec6d2d46a9e7,जब कोइ मरेला तो ओकर शरीर शमशान घाट पर ले जा कर ओकर अंतिम संस्कार होला। फिर ओकरा बाद लोग शमशान घाट से घरे आवेलन और उ इनसान के आत्मा के शांती खातिर तेरह दिन के कार्य परोजन करेलन। बियाह मे सारा रिस्तेदार और आस पड़ौस के लोगन के बुलावल जाला।
278e9fdb-9805-421f-ad95-8393219de014,मुअला पर दू तीन तरह के क्रीया करम होला जेकरा मे मरला के नौ दिन तक लोग गड़ूड़ पूराण सुनेलन और दसवां दिन दसवां मनाइल जाला तेरहवां दिन तेरहवां मनाइल जाला। इ सारा क्रीया करम एसे होयला ताकी जे इसांन मरल बा ओकर आत्मा के शातीं मिले और स्वर्ग के प्राप्ती हो और साथी साथ ओकरा मोक्श के प्रदान होय।
afd73ea8-c464-4785-bee4-b0efd554fa93,लइका के नाम धरावे के दिन लोग उन्हां बइठेलन जहान पर नाम करण के पुरा कार्य करम होयला। और साथ हि सारा लोग पुरब दिसा मे बइठेलन। मुअला पे सारा रिस्तेदार के बुलाइल जाला। बियाह के करमठ के सुरूआत मारो गड़इला ले होला। हां।
3ab06c1f-f773-4a6f-9194-b7d5a8396bb7,लइका के जमला और नाम रखे दिन लइका के नहवाइल जाला और फिर ओकरा के नया कपड़ पिहनाइल जाला। फिर माई ओकरा अपन गोद मे लेकर के उ स्थान पे बइठेले जहां सारा कार्य क्रम इ होत रहेला। क्रीया मे बहुत सारा समान के जरूरत होयला जइसे काला तील जौउ कूस आदी।
1af4c969-755f-4c04-af5f-19990735bdc3,बियाह मे लोगन के दरी पर ना त कुर्सी पर बइठावल जाला। मुअला के करम क्रीया घर वाला निभावेलन। जोना दिन लइका के नाम धरायला उ दिन खाय पिये के भी बेवस्था होयला। ओर खाय पिये मे तरह तरह के पकवान और मिश्ठान बनेला जइसे पूरी सबजी पुलाओ गुलाब जामुन दहि बाड़ा रयतो बुनिया आदी।
cb306876-2d94-47f7-8ddc-27e417635cf1,बियाह जब लगन के साइत होला तब होला। परिवार के लोग ई तय करेलन कइ उ लगन के साइत मे कौना दिन उनका के बियाह करेके बा। लइका के जनम पतरा के हिसाब से ओकर नाम रखायला। और उ नाम कोई भी रख सकेला। चाहे त लइका के माय बाप रखे चाहे ओकर बुआ रखस चाहे ओकर दादा दादी रखस चाहे ओकर नाना नानी रखस। एकरा मे कोई ई नइखे की ओकरे रखे के बाटे एकरा मे कोई भी नाम रख सकेला जेकर जइसन मन होखे।
99ae3485-d6dc-4550-8bea-b52630664f09,ना बियाह के बारे मे सारा जनकारी बतादिहल गइल बा। लइका के जमला से ले ओकर नाम धरे के दिन तक के खरचा और कुल बेवस्था के जिम्मेदारी लइका के बाउ जी उठावेलन। हमरा बिरादरी मे आंठ दस तरह के करमठ होला जइसे तीलक होगइल हल्दी होगइल द्वार पूजा होगइल कोहरत उतारल जाला मठकोर होगइल बरमाला होगइल आदी। कुवरत जब कोहरत मे का होयला के लइका के कब कूवांर होयला त ओकर कुअरत उतारल जाला। जयमाल मे दुल्हा दुल्हन एक दूसरा के माला डालेलन। द्वार पूजा मे जब बारात लेके लइका आवेला त लइकी के घर के द्वार पर उ पूजा करेला। तिलक मे का होला कि लइकी के पक्छ के लोग अकर के लइका घरे ओकर तिलक चढ़ावेलन। मठकोर मे होला के लइका के पक्छ के लोग मदींर मे जायलन अ ओजा लइका के माता मदिंर मे पूजा करेली आदी।
ea5b441f-1d4d-473f-bbe0-69820f7f266a,लइका के जनमला के एक दू दिन बाद जब ओकरा नहवाइल जाला त घरे के लोग रहेलन। फिर जब छठ्ठा दिन छठ्ठि मनाइल जाला त रिस्तेदार के बुलाइल जाला। खास करके लइका के ननिहाल के लोग के। जब बारहवा दिन बरखी मनावल जाला त रिस्तेदार के त बुलइले जाला ओर आस पड़ोस के लोग के भी बुलाइल जाला। जब बिसवां दिन बसौरि मनावल जाला त उहो दिन सारा रिस्तेदार के बुलाइल जाला।
f99d6b1d-d3ee-4fe9-a927-8db9264870bf,सारा जान कारी बतादिहल गइल बा और कौनो जानकारी सेस नइखे। लइका के जमला से लेके ओकरा नाम रखे के बारे मे और कुछ जानकारी नइखे। सारा जानकारी बतादिहल गइल बा। हमरा बिरादरी मे बियाह खातिर पांच छौ गो करमठ कइल जाला।
4c76b2e5-40eb-4ee3-b3bc-ed290a9fd8fe,लइका के जमला और नाम धरावे के काम पण्डी जी करेलन। और जब उ पतरा देखेलन और पूजा करवा लेवेलन तब ओकर नाम रखायला। लइका जब जनम लेवेला सन त ओकर एक या दो दिन के बाद लइकन के नहवावल जाला। फिर लइका के जनम लेला के छठहवां दिन छठ्ठि मनावल जाला जेकरा मे लइका के काजल होयला। फिर बरहवां दिन बरखी मनावल जाला जेकरा मे लइका के नाखुन उखुन काटल जाला। ओकरा बाद बिसवां दिन बिसौरि मनावल जाला। फिर सावा महिना बाद लइका के शुद्धि करण होयला। फिर पांच महिना के बाद लइका के नाम करण होयला।
6ce46df7-8e4e-4b10-bfd5-e1775956e355,सबसे पहिले लोग शमशान घाट पर लेजाकर अंतिम संस्कार करलन। ओकरा बाद घरे आकर के आगे के क्रीया करम करेलन। बियाह खातिर बहुत सारा चीज के जरुरत पड़े ला। जइसे माड़ो गाड़े खातिर बालू के जरुरत पड़ी बांस के जरूरत पड़ी। ओइसेही मटकोर करे खातिर परोसा के जरूरत पड़ी दौड़ी के जरूरत पड़ी। साथी साथ ढोलक के गीत गावे खातिर जरूरत पड़ेला। पूजा मे भी बहुत सारा सामान के उपयोग होखेला जइसे पान पत्ता होगइल सुपाड़ी होगइल जनेउ होगइल रोरी होगइल अबिर होगइल अक्छत होगइल कपूर होगइल आदी।
5350c7ea-d735-4e90-9aca-6125ef73946f,मुअला पे क्रीया करम के शुरूआत गरुड़ पुराण के कथा के साथ होयला। केहु के मुअला पे पइसा लत्ता के जुगार घर वाला करेलन। लइका लइकी खोजे खातिर लइका ओर लइकी के परिवारे के लोग जिम्मेवार होला। ई कुल काम पतरा देख के सुभ मुहुरत मे होयला। जइसे कि छठ्ठा दिन छठ्ठी होयला त ओकरा खातिन पतरा मे देखल जाला के छठ्ठि के दिन कौन सा मुहुरत अच्छा बाटे उहे टाइम छठ्ठि होयला। ओएसेहि बरहवां दिन बरहि होयला ओकरो खातिन पतरा देखल जायला ओर सुभ मुहुरत निकाल जाला। उहे तरह बिसवां दिन बसौरी होयला त ओकरो खातिन पतरा देखल जाला अ मुहुरत निकालल जाला अ नामो रखला खातिन समय निकालल जाला और सुभ मुहुरत मे नाम रखल जाला। और साथी साथ इ सारा काम लइका के आजी घरे होयला।
e8e41347-f459-4a59-b254-c2964ccb1f16,क्रीया करम के पहिले बिना हल्दी वाला एकदम सादा खाना खाइल जाला। लेकिन जब क्रीया करम होजायला त ओकरा बाद हल्दी डाल के खाना बनेला ओर उ इसांन खायलन। मुअला पे लोग दखिन दिशा मे बइठेलन। लइका के जमला के दिन पण्डि जी जौन जौन पूजा खातिर समान लिखले रहेलन उ उ समान उपल्बद्ध रहेला। उ पूजा के समान मे बहुत सारा चीज होयला जइसे रक्छा सूत रोड़ी गुलाल अबीर हल्दी सुपाड़ी पान के पत्ता हवन के सामग्री दिया तेल बाती आदी।
c8e2745f-6995-499f-805c-4efff7038d53,बियाह के दिन और समय लइका और लइकी पक्छ के लोग पणडी जी से मिलकर के पतरा देख के सुभ मुहुरत निकलवा के करेलन। किरिया के काम मे धुप बत्ती नया कपड़ा पचाती लकड़ी घीउ पुजा के समान आदी लागेला।
450dd7ce-7470-4f33-881b-6e5452fd337d,लइका के जामे के दिन अउर ओकर नाम रखे के दिन छठियार के हि दिन होला। मने के जनम लेवे के दिन से छठ्वा दिन गिनल जाला। तऽ कुल मिला के छौ गो दिन एमे रहेला जे मे लोग बिचार करेला के का नाम रखल जाऔ बच्चा के। जे मे लोग बिचार करेला कि का नाम रखल जाऔ बच्चा के।
2095bd6f-4f8c-4632-93b9-7fc0cae43ac9,लइका के जमला ओरी नाम धरावे के काम घर के बूढ़ पुरनिया लोग जेमे दादी नानी इ सब करेला धरेला लोग। एमे ईश्ट देवता के याद कइल जाला पुजा विधी के पालन कइल जाला। ओरी लोक गीत आपन गावेला लोग। मुअला पे किरिया करम के पहिले चाहे बाद मे। दहि चुड़ा बुनिया मिठाई सबजी खियावल जाला।
7d4d4bf4-cc91-479a-941e-1b2cc34bc069,हमार बिरादरी मे केहु के मुअला पे इगारे दिन ले चले वाला किरिया करम कइल जाला। बियाह अधिकांश शुभ मुहुरत मे होला। ओरी जे दिन पण्डि जी तय करेलन दिनांक पतरी देख के ओहि दिन होला। हा मिलेला सन। लेकिन पहिलका जमाना मे अइसनका ना रहे। अब आज मिलेला लोग।
1e3da21a-b973-479d-b6f3-6eb638be3cb0,ओरी जानकारी बाटे जैसे कि मुखाग्नी बेटा हि देला अधिकांश जगह देखल जाय तऽ। किरिया करम के काम आर्य समाज से भी कर दिहल जाला जे मे तीन चार दिन मे इ सब निपट जाला। अस्थी विसर्जन ला लोग तिरवेनी चाहे गंगा नदी मे लोग जाला बिसर्जन करे। छौ महिना चाहे साल भर मे बरखी याने पुजा पाठ कर के आगे के घर के सुभ काम सुरु करल जाला।
2fb2b7b5-50cd-4b98-994f-e6d0e9112205,मुअला पे दखिन दिसा मे लोग बइठेला। बियाह के दिन अऽ समय पण्डि जी तय करेलन पतरी दिनांक देख के। मुअला पर तीन चार परकार के किरिया करम के मान्यता बाटे। जे वेक्ती मर जाला ओकरा मन के सान्ती मिले इहे सब लोगन के इचछा रहेला चाहे इ कहली कि इहे रीत चलल आवऽ ता जमाना से। ओहनी के नाम पहिलका दाह संस्कार होला दुसरका नहाय धोआये के दिन होला एकरे बीच मे लोग फल ओल खाके इहे सब रहेला। फिर तिसरका मे कहल जाला दस कातर जोन दसवा दिन पे होला जे मे केस दाढ़ी इ सब कटाला मर्दाना लोग के। ओकरा बाद चौथा मे तेेरहंवा दिन होला जेकरा के काम कहलाला एदिन दान पुण्य इ सब होला पुजा पाठ भी होला ब्राहमण लोग के भोजन ओजन कराईल जाला।
c8c8db34-58f7-4118-9c26-a3a80d852019,बियाह होखे के पहिले जब बारात पहुंचे ला तऽ जनमासा लआगेला। ओहिं मे नास्ता पानी चलेला फिर पण्डाल मे जब बराती लोग पहुंचेला त हुआं खाये पिये के बेवस्था रहेला। अ खाना मे जइसे कि सादा खाना बनल रहेला त ओ मे सबजी भात पुड़ी दाल मिठाई इ सब रहेला। ओरी मासा हार मे देखल जाओ तो मछरी ना तो मुर्गा ओ बनेला कहिंयो खसी के मासो बनेला।
6e591720-adad-4d8e-b976-2832b0e704dc,फूल फल मिठाई पुजा पाठ के समान पोथी पतरी इहे सब समान चीज के जरूअत होला। मसान घाट पे ओरी सन्धया बेरा बितला से पहिले किरिया करम कइल जाला। लोगन के आंगन मे बइठावल जाला। अउरी पुरब दिसा मे। लइका के जमला के बाद नाम रखेला तक छौ गो दिन होखेला। उ कुल दिन के नाम हऽ जइसे कि एकम द्वतिया त्रितिया एहि तरे छठी कहला ला। एकर पिछे मानऽता बा कि दुर्गा मिया के जोन छठा रूप बाटे जेकरा वजह से छठियार होला। ओहि दिन लइका यानि कि जमतुआ लइका लोग के नाम रखल जाला।
125275fb-246a-4e8f-b3be-f51965eeac48,मुअला पे जे अपन लोग होला सगे सम्बन्धी चाहे पास पड़ोसी के जे भी करीबी लोग रहेला उ सब लोग के बुलावल जाला। मुअला के करम करिया घर के बड़ बेटा चाहे बेटी निभावेला। एहमे आपने लोग जेसे के बच्चा के फुआ चाचा मामा मौसी नानी नाना। चाहे और संबन्ध के माने तनि लगिचे के लोग के बुलावल जाला।
0cb53488-b95d-4824-b34d-a27f25ecc9a5,केहुके मुअला पे पइसा लत्ता के जुगाड़ उ मुअल आदमी के घर के लोग करेला। इ दिन पहिले लोग छठी पुजा करेला। ओकरा बाद मे नाम रखे के काम सुरु कइल जाला। एमे पण्डीत जी आवेलन ओरी गरह नछतर देखेला के बाद मे नाम रखल जाय ला।
e38502da-31e8-4196-a604-d676f8f3ff52,हमार बिरादरी मे सबसे पहिले सगुन फिर होला तिलक कथा मटकोर हरदि के रसम मातरी पुजा नोहछुर परछावन तऽ बरात। इहॆ सब कइल जाला। बियाह खातिर पण्डाल माडो पुजा के समान फूल माला आगी मने फेरा ला पण्डि जी रहेलन इहे सब के जरूरत होला।
00179870-a499-4c37-890d-2b8a9f42a833,मुअल आदमी के नहववला धोअवला के बादे नया कपड़ा पेहना के पचाती पर सुता देवल जाला। एहि तरे मुअला पे किरिया करम के सुरुआत होला। इ कुल बेवस्था के खर्चा लइका के जमला से लेके नाम धरे के दिन ले। इ सब खर्चा लइका के बाप उठावेला।
f4a802cb-b5bc-47bd-8329-b0f5287dab51,बियाह के खर्चा दुनु पक्श के लोग आपन आपन उठावेला लोग। पहिले दहेज के चलन जब रहे नू तऽ ओमे लइकि पक्श के लोग बेसी कर के खर्चा उठावत रहे लोग। इ सब ला पहिले कइसन लइका ओरी लइकि चाहीं उ सोचल जाला। फिेर जौना जगेह बियाह करे के बाटे उंहा के गोत जनम पतरी कुण्डली के मिलान कइल के बादे आगे बढ़ल जाला। ओर इ कहल जा सकऽताकि ए हि तरे लइका चाहे लइकी खोजल जाला।
d58a94e9-9e5c-4cd4-8d07-30b3b4185c40,बियाह पण्डी जी करावेलन। उ दिन खाय मे सादा खाना बेसी ना बनेला। जादे करके मछरी भात चलेला। बियाह मे आपन सगा संबन्धी मित्र आस पडोसी अ जेतना लोग के जानत रहे ला लोग उ सब के बुलावल जाला। लइका के जमला से लेके नाम रखे तक ले सब निमन घड़ी मे होला। काहे कि पण्डी जी से समय दिखाये के होला के कौन घड़ी मे लइका के नाम रखल जाई। अ इ सब घरे पे होला।
5f38fcc4-0c1f-482a-993d-5a1b6c5b3f00,लइका के नाम पण्डी जी पोथी पतरी गरह नछतर इ सब देखला के बाद कोनो नाम कहेलन कि इ रखल जाये। अ बाद मे माता पिता के कहला के बाद एगो नाम तय होला। ओरी जानकारी मे बियाह के बात बहोभोज होला। इ लइका के घरे होला जे मे सगा संबन्धी मित्र पडो़सी लइकी के घर के लोग इस कुल लोग आवेला। जेमे लइकी के मू दिखाई भी होला अउरी लोग अपना मन से कुछू कुछू उपहार मे दे देवेला।
73dd9f55-6acc-479e-831a-0d6bebd549c4,बड़ी संजो के रखल जाला लइका के। एकरा माने इ बइल के घर के दुआर पे धूप बत्ति हरमेशा जलत रहेला एतना दिन। लइका के नहवावन घर अइलक पे होला माने के तीन दिन जनला पे। ए समय मे घर से लइका के बहरा लेजावल मे मनाहि रहेला। बियाह मे पण्डाल लागल रहेला ओहि मे सब लोगन के बइठावल जाला।
58a2f72e-3525-4418-968d-b6ff61218f1e,बियाह के करमठ के सुरुआत सगुन उठला के साथे होला। लइका लइकि खोजे खातिर। माई बाप चाहे जे घर के जेठ सरदार बाटे उहे लोग जिमवार होला। मुअला पर लोग दक्शिन दिसा मे बइठेलन। बियाह होये के बाद खाये पिये कऽ बेवस्था बहुत बड़ा होला जेमन पुड़ी सबजी अउर भात दाल कोफता अउर मिठाई अउर बहुत तरह का खाय का समान होला। अउर एके परोसे खातिर कुर्सी टेबल का भी बेवस्था होला चाहे त टाट पर बइठावल जाला चाहे त बम्फर सिसटम होला।
d39947bf-dab2-4fce-8e26-a96766e3c1ac,नाही हमरा बिरादरी मे बियाह के पहिले लइका लइकी नही मिल सकेलन। मु्अला पर करम किरिया जे मरल बा ओकर लइका निभावेला। उ चाहे सबसे छोट हो सकला चाहे सबसे बड़ हो सकला। लेकिन मंझिला लड़का किरिया करम नहि निभावेला।
07a47c27-9a22-4782-8ab1-a471a4fec83e,बियाह खातिर बहुत सारा समान का जरूरत होला जइसे कि ओमन माड़ो बनावा बदे बांस के जरुरत होला। अउर ओखरी क जाता क चकरी क अउर सूप क जरुरत होला। ओमन हर का भी जरुरत होला जेमन कि माड़ू बनावा बदे माड़ू के जौन बीच कऽ बांस होला ओमन हर बांधल जाला। अउर ओमन सुग्गा का जरुरत होला अउर पतलु से पांच बांस गाड़ के ओकर पतलु से ढ़ाकल जाला।
40b58fe7-731a-46e1-9017-5be4fc907074,मुअला पर किरिया करम के भोज मे सब चिज जइसे सबजी भा सबजी दाल रोटी पापड़ खीर खियावल जाला लेकिन भात नहि खियावल जाला मु्अले के भोज मे। हमरा बिरादरी मे बियाह खातिर लइका चाहे लइकी एक अगुआ अ अगुआ के द्वारा खोजल जाला। उ अइसन बेक्ती होला जे उ लइका या लइकी के बारे मे जानऽला अउर हमरा परिवार के आके बतावेला उ लइका ठीक हऽ अउर उ लइकी ठीक हऽ।
76c2a48e-de3f-45c0-bd40-941739bbaf30,हमरा बिरादरी मे लोगन के मुअले पर ओकर दाह संस्कार करल जाला और ओके घाटे लेजाके जरावल जाला। आउर ओकर अस्थी के नदि मे बहावल जाला। बियाह मे सबसे पहिले जब बरात आवेला तब बरातिन के बइठावल जाला। ओकरे बाद दुआर पुजा लगेला। आउर फिर बरमाला होला आउर ओकरे बाद लइकी लइका का सिंदूर दान होला। ओकरे बाद परछन और बिदाई होला। ओकरे बाद बहरियावल जाला।
22aba548-eac4-466f-b9bd-424d2370486f,लइका के जनमले के बाद ओकर ओकर छठ्ठी करल जाला केमन ओके नहवावल जाला। हमरा बिरादरी मे बियाह चाहे तऽ दिने कऽ भी होसकऽला चाहे तऽ राती कऽ भी होसकऽला। लइका के जनमला से लेके नाम रखे तक इ कुल काम लइका जहां जनम लेला उहां पर होला।
87043c63-f2d6-47e1-9c65-fa2d27a6cf4a,लइका के जनमला से लेके ओकर नाम रखऽ तक के जेहि सब जानकारी बा कि ओमन नाउन अउर पणडी जी अउर ओकर माई बाउ ओकर फुआ ओकर आजी ओकर आजा इ सब जने बहुत जरुरी होवेलन। अउर ओकर खर्चा भी बहुत रहला।
af2a5bdc-37dd-407d-8b84-9223eb0ade6f,मुअला पर लास के नदि के किनारे घाटे पर जरावल जाला अउर वहीं पर ओके ओकर अस्थी के बहावल जाला। लइका के जनमले के बाद ओकर नाम रखे के दिना बहुत सारे समान का जरुरत पड़ऽला। जेमन कि पुजा का सब समान जइसे दिया बत्ती घीउ अउर तेल अगरबत्ती इ सब चीज के जरुरत पड़ऽला अउर सहद का भी जरुरत पड़ऽला।
7f8c1eb8-8975-4146-b435-d997a5aa985f,हमरा बिरादरी मे बियाह खातिर पहिले तिलक होला फिर बरच्छा होला आउर पिर रोका होला आउर फिर बियाह होला। लइका के नाम धरवावे वाले दिन बहुत सारे रिती निभावल जाला जेमन कि ओके सहद अउर सहद अउर गुड़ ई सब चटावल जाला। । ओकरे बाद पणडी जी आवेलन अउर बहुत अलग अलग रिती से ओकर नाम रखऽ लन।
4e92438c-e275-4c1c-acf2-e7ce6090ceb0,बियाह का खर्चा आउर ओकर बेवस्था का कुल जिमा मलिकार उठावऽलन। जादा तर एमन लड़का का बाउ होलन। मुअला पर किरिया करम के सुरुआत पहिले लास के नहवा के ओके घीउ पोत के ओके बांस के एक सीढ़ी पर बांध के घाट पे लेके जाय्ल जाला। और वहां पर ओके फुकल जाला और ओकरे बाद ओकर अस्थी के नदि मे बहावल जाला।
705c607d-b1e0-4432-8e44-4c2d7cb21db8,हमरा बिरादरी मे सबसे पहिले बरच्छा होला जेमन लइकी कऽ बाउ लइका के बाउ के कुछ पइसा या कोनो सोना चानी का समान देलन। जेसे कि ओ जेसे कि इ रहला कि ओ लइका पसंद होगइल बा। ओकरे बाद तिलक होला जेमन कि पइसा अउर भेंट देवल जाला अउर तय करल जाला कि बियाह कब होई कौने दिन होई दिन बारी रखल जाला ओकरे बाद बियाह होला।
4b537420-4d0d-43b2-82a2-bbe830efa39f,केहुके मु्अले के बाद जे मलिकार हऽ उ पइसा लत्ता के जुगार करऽला। मुअला के किरिया करम के बारे मे हमरे पास बस इतने जानकारी बा। बियाह मे करमठ का सुरुआत दुआर पुजा से होला जेमन दुल्हा के दुआरी पर बइठा कर ओकर ओकर चरण पुजन करल जाला।
f8b8a8f1-7619-4ac4-8de0-170560a1bd5d,मुअला पर बहुत परकार के किरिया करम कइल जाला जेमन सतवां दसवां अउर तेरहवीं होला जेमन कि सतन्हना के दिना सब जने नहा के पानी चढ़ावेलन। ओर दसवां के दिना सब लोगन बार कटवावेलन। और तेरहवीं के दिना एक भोज देवल जाला जेमन कि पुड़ी सबजी खीर बनऽला और लोगन के खियावल जाला परसाद सरूप।
bae92d29-0a64-41eb-a5c5-3cf5d1f0e92e,हमरे बिरादरी मे लइका के जनमले पर छठ्ठी बरही होला। जउना दिना लइका का नाम धराला ओ दिना खाये पिया का बहुत बढ़ीया बेवस्था होला। जेमन खाये के लिये सबजी पुड़ी बखीर अउर भात पुड़ी इ सब होला मिठाई भी होला। लइका लइकी खोजे खातिर जादा जिम्मेवार अगुआ होला।
30cb8ac8-0870-4813-a77d-790f3be88e7a,लइका का जनमले के बाद जौन दिन दिन रखल जाला उमन अगर लइका का जनम ओकरे माई के घर पे भइल बा तब ओकरे बाउ के घरे से सब जनऽ के जेसे के ओकरे आजी के ओकरे बुआ के ओकरे सारे परिवार के लोगन के बुलावल जाला।
e2f83bc3-2837-436d-90b7-3db02f717687,बियाह कऽ दिन पण्डी जी तय करऽलन जेमन ओ लगन रखऽलन। अउर ओही हिसाब से दिन बारी तय होला। बियाह मे पुरा परिवार के सग संबन्धी के बुलावल जाला। जेमन बुआ नानी अउर बड़की फुआ छोटकी फुआ मौसा मौसी फुफा इन सभी के बुलावल जाला।
237018a8-1836-45f2-a3fd-2a833dfeb2d1,लइका का नाम धरऽ बदे पण्डी जी आवऽलन अउर ओमन कुछ हिस्सेदारी ओकरे फुआ के भी रहला। लरका के जनमला से लेके नाम धरे तक के दिन तक के खर्चा अगर उ लइका ओकरे मम्मी के नइहरे भइल बा तऽ ओकरे नइहरे का लोग उठावेलन। नाही त अगर ओकरे बाउ के यहन भइल बा त ओकरे बाउ कऽ परिवार का सब जने खर्चा उठावलन।
b3d20343-b86b-4901-881c-28e9e70d3331,मउअला पर परिवार के सगे संबन्धी सम्धियोना के बुलावल जाला। आउर सबके तेरहवीं मे सामिल करल जाला। किरिया मे बहुत सारा समान लगेला जेमन लकड़ी बांस आउर कफन घीउ अउर ्गरबत्ती अउर बहुत सारा समान ओमन लगेला। बियाह सऽ लइका का ससुर अउर लइका का बाप अउर पण्डी जी करावेलन अउर नाउन भी होलन ओमन।
45cd5925-9618-419d-9505-891d22bc050c,लइका के जनमला अउर ओकर नाम धरावे के दिन नाउन अउर पण्डी जी अउर ओकर फुआ सब लोग आवेला अउर उन्हीं लोग नाम धरावेलन। लइका का जनमले का दिल दिन अस्पताले मे तय करल जाला अउर ओकर नाम रखे का दिन पणडी जी से तय करवावल जाला।
607801f9-e390-4bed-82ad-bcd93921b019,लइका के नाम रखवावे के दिन लोग एक जगह पर सारे लोग इक्ठ्ठा होलन। अउर सब लोगन के पुरब दिसा के तरफ बइठावल जाला। बियाह मे लोगन के दरी पर या फिर टाट पर बइठावल जाला। मुअला के कृया करम मे तेरही तक के कृया करम तऽ होबे करेला। लेकिन ओकरे बाद भी बहुत साल बाद भी जौन हऽ लोग गया बिहार मे एक जगह हऽ उहां पिण्ड परावे जायनऽ। तऽ इ भी एक परंपरा हऽ जौन मृत्यु से हि जुड़ल हऽ।
d0c1944c-e430-4f62-8a20-46982e70f979,एकर जानकारी नाही हऽ। एकर भी हमके जानकारी नाहि हऽ। लड़का के जमला कऽ काम तऽ डौक्टर करेनऽ। और नाम धरावे के काम पण्डी जी करेनऽ। मुअले पर लोगन के जानकारी देदेवल जाला आपने आस पास पड़ोस के लोग अपने रिस्तेदार। तऽ जेकर मन होला उ आजयला। और ओकरे बाद जौन हऽ तेरहीं होला। तऽ भोज कराये के परंपरा हऽ तऽ ओ दिन वहि रेस्तेदार और गांव के लोगन के जितना भी आप पास पड़ोस के लोग हुअन उन लोग के बुलावल जाला।
c8b18211-615e-495f-83ed-b93eda93d96a,जानकारी नाहि हऽ। एकर जानकारी हमके ना हऽ। एकरे बदे हम बस एतने कह सकत हइ की पण्डी जी से मिल के तिथी देखल जाला कि कौने कौने दिन लगन हऽ। उ जब पता चल गइल कि भाई ए दिन ए ए तारिक के लगन हऽ तऽ फिर ओमन से एक तिथी पसंद करके। लड़का और लड़की दोनो परिवार के सुविधा अनुसार फिक्स करल जाला तय करल जाला कि यहि तिथी रहि। और फिर औहि तिथी के सादी कऽ तइयारी होला।
25fe26a8-990b-47c8-be4c-80ca7645601c,इ अपने स्रध्धा के उपर हऽ कि कौने तरीके से खाये पिये के बेव्सथा करल जात हऽ। का प्रसादी टाइप के खाना हऽ या फिर पुरा एकदम खाना खियावल जात हऽ। अगर पुरा खाना खिआए के बेव्सथा करल जात हऽ तऽ हमरे तरफ पूरी सबसजी धाल चावल बिनिया पापड़ दही अगर ओइसन सीजन हऽ तऽ चटनी मीठी वाली इहे सब चीज के बेव्सथा करल जाला अउर सलाद।
f5ef0f45-7261-48a7-80b8-797373ccdd9e,बियाह कऽ दिन अऽ समय पंचाग के अनुसार जो हिंदू कैलेंडर जेके कहल जाला ओकरे अनुसार ही तय होला। और आज कल जादातर सादी संध्या बेला के बाद कऽ रखल जाला। कुछ सादी अइसन भी हइन जेके की दिन कऽ सादी कहल जाला उ दिने दिने होके खतम होजाला सादी।
7732e7b2-2601-4003-8388-87a2884cc423,बनारस के गंगा घाट के किनारे चाहे मणिकर्णिका घाट पर चाहे हरीशचंद्र घाट पर शरीर के लेजावल जाला। और एक परंपरा हऽ पहिले गंगा जी मे मृतक शरीर के छुआवे कऽ। उहां थोरा सा कुछ होला। फिर ओकरे बाद दाह संस्कार का परंपरा हऽ और शरीर के जला देवल जाला। फिर ओकरे बाद ओकर राख का थोरा सा परंपरा हऽ कि ओके लेके कलस मे लेके आवल जाला।
7b08e4af-29c2-47a0-876d-28503d91b29d,हा लड़का लड़की से लास्ट मे मिलवावल जाला। और अगर वो दोनो एक दुसरे के हा कह दिहे तऽ फिर सादी तय होजइ। बियाह खातिर एकठे मण्डप ओकरे बाद मे पुजा पाठ के समान ओकरे बाद कुछ चढ़ावे बदे कपड़ा और कुछ लोग सोना चादीँ भी चढ़ायेनऽ तऽ वो सब का समान होला। वोहि पर पुजा पाठ होला एहि सब चढ़ा ओढ़ा के। फिर ओकरे बाद लोगन के बइठे के अगर बेवस्था करे के हऽ तऽ ओकर सामान। इ सब बेसिक बेसिक समान चाहेला। बाकी एकरे आलावा बहुत प्रकार का समान जइसन जेतना बड़ा शादी हऽ ओ हिसाब से करल जाला।
36c2f31e-84e4-4fe3-8da7-cb2581317256,नहि और कौनो जानकारी नहि हऽ। मुअला के करम कृया जे बड़ बेटा हऽ एकर उ निभावेला। और अगर बड़ बेटा उपलब्ध नहि हऽ। तऽ फिर छोटका बेटा के सब चीज के जिम्मेदारी उठावेला। जाहां तक हमके अंदाजा हऽ कि जब लड़का का बारात लड़की का दुआरे पहुंचेला तऽ हुआं द्वार पूजा होला। द्वार पूजा होले के बाद आज कल जयमाल होत हऽ। जय माल होले के बाद थोरा देर के बाद लड़का मण्डप मे जाला फिर रसम सुरू होला फिर लड़की आवेली। फिर उ दोनो लोग के साथे वहां पे रसम होला। और फिर सादी होजाला।
b43e1361-a70a-4ca0-8ce5-adee9276fd4b,अइसन तऽ कौनो खास दिसा मे बइठे कऽ। हमके तऽ जानकारी नहि हऽ। जहां तक हमके याद हऽ की हमरे भांजी के जन्म के समय। इ सब काम दिन मे हि घर के आंगन मे पुजा पाठ वगरऽ करवावन गेल रहल।
3de93110-bc1b-4479-b0d0-5e964fce60d6,मुअला पर दाह संस्कार के परंपरा हऽ फिर ओकरे बाद गरूड़ पुरान कऽ परंपरा हऽ। फिर ओकरे बाद। दसवे दिन दसवां मनावल जाला। फिर ओकरे बाद तेरहीं कऽ परंपरा हऽ। एकर भी जानकारी हमके नाहि हऽ। एकर भी जानकारी हमके नाही हऽ।
c3bae54a-2720-45a9-bc0c-a00bcfa27f90,बियाह पण्डि जी करावेनऽ। लड़की वालन के एकठे खास पण्डी जी रहेनऽ जौन मण्डप पे रहेनऽ साथ मे लड़का वाले भी अपने तरफ से एकठे पण्डी जी लेके आवेनऽ। दोनो लोग मण्डप पे बइठेनऽ फिर वहीं पे बियाह होला। ए सवाल कऽ हमके बहुत जानकारी तऽ नाहि हऽ। लेकिन लड़का के जनमले पर छै दिन बाद छठ्ठी छठवे दिन छठ्ठी मनावल जाला और ओ दिन पुजा पाठ होला। अउर बहुत लोग से हम सुनले हइ कि बरही कऽ भी कहीं कहीं प्रावधान बनल हऽ तो बरही भी करेनऽ। और पण्डी जी से बुला कर के। कुण्डली बनवावल जाला और कुण्डली मे ही जौने अक्शर से नाम हऽ। कुण्डली के एक अलग से नाम देदेवल जाला ओर ओहि के आधार पर लोग या फहिर अपने पसंद के लोग स्कूल घर बदे नाम देवेनऽ।
e595a6d2-8b94-4825-88fb-a6b95c59c7c8,मु्ला पर सबसे पहिले सरीर के धोाआवल जाला। और ओकरे बाद ओ सरीर के कफन मे पिताम्बर मे लपेटल जाला। और ओके बाद ओ सरीर के गंगा घाट पर लेजाइल जाला। मुअला पर तेरहीं के दिन भोज के बेवस्था करल जाला जेमन कि। वहि पुड़ी सबजी दाल चावल बुनिया पापड़ सलाद चटनी ए सब चीज के बेवस्था केल जाला।
15d1c195-97be-41ab-ab6a-ca087383eb86,ए कुल कऽ खर्चा घरे कऽ जे बुजुर्ग जिम्मेदार आदमी हऽ उ उठावेला। मतलब जेकरे हाथे मे गृहस्ती हऽ उ ए कुल के खर्चा उठाई। केहु के मुअला पर पइसा लत्ता के जुगार करे कऽ सबसे बड़ा जिम्मेदारी जौन होला उ सबसे परिवार के ही लोगन पर होला। इ जे भी परिवार चलावत हऽ जे भी घरे मे कमात हऽ ए सब चीज के जुगार करेला। साथ ही कुछ रिस्तेदार भी मदत करदेवेनऽ।
dacbd8e0-9ff8-4abf-82a8-694b0a0580b5,लइका लइकी खोजे बदे जादा जिम्मेवार जादा तर बिचौलिया के कहल जाला। काहसे कि बिचौलिया ई अइसन आदमी हइ जे के लड़का के भी जानेला मतलब लड़का के परिवार के और लड़की के परिवार के भी जानेला। तो वहि बताई लड़की वालन से के उहां एकठे लड़का हऽ। चलऽ देख लऽ।
1926b2ba-a1c2-4d24-8b18-e9384983528c,इ भिया मे चंदन अगरबत्ती पिताम्बर माला फूल ए सब चीज कऽ जरूरत होला। बियाह मे और अलग अलग तरिके के भी रसम ह। जइसे कोहवर के एक रसम हऽ जेमन दुल्हा जौन हऽ उ बइठे ला दुल्हन के साथे कमरा मे उहां कुछ और लोग भी जइसे दुल्हन का सहेली या जौन भी उ लोग भी रहेनि। सुभह होला तऽ विदाई कऽ भी परंपरा हऽ। जेमन कि लड़की जौन हे लड़का के घरे जाय ले। तऽ वहां भी कुछ परंपरा करल जाला और ओकरे बाद भेंट देवल जाला।
8bd2b233-d4b8-4c1a-9d08-a07c7946b5ee,"लइका जनमला पर दर दियारी के लोग बुलावल जाला खुशी मनावल जाला अउरी नाच गाना होला मेहरारू कुल गीत गावेली सब लोग जुटे ला हसी मजाक होला अउरी । लइका जनमला कि बाद हर धर्म कऽ जाती कऽ अलग अलग संसकार होला , नामकरण संस्कार जइसे ब्राहमण के एग्यारा से बारह दिन में क्षत्रि के तेरह से सोलह दिन में बैस के सोलह से बीस दिन में सुद्र के बाइस से एक महिना के अंतर पर संस्कार होला सऽ कुल सब जाती कऽ धर्म कऽ अलग अलग संस्कार होला ।"
c97d4192-51f9-41b0-aaba-562b752f5923,लइका के जामे के दिन के बाद पण्डित के बुलवावल जाला ओहिसे पुधल जाला कि कहिया नाम रखे के दिन तय कइल जाई कहिया का होई । लइका जमला के बाद गीत नात रिस्तेदार फुआ चाची दीदी भाभी सब के बुलावल जाला अउरी ओके संस्कार में ओकरे सामिल कइल जाला ।
7d8aa3ce-b899-4078-bc59-c09f7782e7ce,लइका के नाम रखे के दिन पण्डित के बुलावल जाला पण्डित जोग पुरेला कथा उथा कहेला ओकरे बाद लइका के नाम करन संस्कार होला । लइका का नाम पण्डित जी जौन अक्षर से कहेलन ओहि नां से धराला अउर आगे चल के ओहि नाम ओकर रहेला ।
ada4ff0e-f302-478f-abc4-10d51b447879,लइका का नाम पण्डित जोन कहेला ओहि पहिला नम्बर से घर कऽ बड़ा आदमी नाम बोलेला । लइका का नाम धराला ओ दिने खाये पिये के बेवस्था होला भोज दियाला बर बिरादरी अपना हित नात खाला पिहिला आपन घरे जाला ।
f5c7ffbd-0f41-40e8-951d-bd1ae4e66ad7,लइका के जमला से दिन ले नाम धरे के दिन ले घर कऽ बड़ा आदमी माई बाप बाबा दादी नाना नानी खर्चा उठावेला । लइका नाम आदमी बहुत सोंच समझ के रखेला के आगे चल के लइका आगे बढ़े बल बुद्धी अच्छा होखे अउी परिवार में अच्छा से रहे ।
8dddb24a-5668-45f3-8ce8-c07bc6287d1c,हमरा बिरादरी में पहिले अइसे ना होत रहला लेकिन अब लइका लइकी बियाह से पहिले मिलेलन सऽ इ तऽ हर तरह के रिवाज होगइल बा । हमरा बिरादरी में लइकी लइका के इन्हा जाके माई भाई बाप जा ला खोजेला देखेला जांचेला परखेला कि लइका कइसन बा तब लइकि के बियाह होला ।
b6e045b9-c905-4d40-b2b5-bd367b00070c,लइकि कऽ लइका खोजे खातिर अगुआ होला ओकर संगे ओकर माई बाप जाला चाचा चाची जाला घर के लोग बड़ा सदस जाला तब बियाः तय होला । हमरा बिरादरी में बरिछा होला तिलक होला बियाह होला द्वार पुजा लगेला बर बिरादरी के बुलावल जाला खियावल जाला पियावल जाला भोज होला भात होला बड़ी लोग जुटेला हित नात चाचा चाची मौसा मौसी कइ लोग आवेला ।
22b2fe83-8ed1-45c8-908b-6ef9307b8cae,बियाह सादी खरवास छोड़ा के कौनो दिन में होसकेला दिन अच्छा देख के पण्डित के देख के पुछ के ओसे बात चित के के जोन दिन पण्डित बतावेला अच्छा दिन ओहि घरी लइका लइकि कऽ बिया होला । हमरा बिरादरी में बियाह सादी बरिछा होला तिलक होला द्वार पुजा लागेला बियाह होला पण्डित आवेला घर कऽ दर दियादरि सब जुटेला सब का खातिर कइल जाला सब के बुलावल जाला सब के अच्छा से बिदा कइल जाला ।
943876c9-c2ea-49b3-b559-2aa489d277fd,बियाह जब तय होजाला तब पण्डित के बुलावल जाला पण्डिते बियाह कऽ दिन तय करेला समय तय करेला ओहि दिन अउर ओहि समय में लइका लइकि के बियाह होला । बियाह में हित नात दर दियादि फुआ फुफा चाचा चाची दिदि जिजा जे हित नात बा जे दर दियादि बा जे अपन बा सब के बुलावल जाला ।
1cc8fe95-6207-40bf-82d4-966fb859a6bf,बियाह में लोगन के जइसन बेवस्था होला ओइसे बइठावल जाला केहू निचे बइठेला केहू कुर्सी पर बइठेला केहू चौंकी पर बइठेला जइसन बेवस्था होला ओइसे बइठावल जाला । बियाह में करमठ के सुरूआत द्वार पुजा से होला पहिले च्वार पुजा होला ओकरे बाद बियाह होला ।
0447a546-61d3-4d10-b64c-bbf3db918f7d,बियाह में बहुत चीज क आवसक्ता होला टेंट उंट के आवस्कता होला पण्डित सब पुजा क समान जुटावल जाला कपड़ा लत्ता सब चीज के आवस्कता होला । बियाह होखे के बाद चाहे पहिले खियावे पियावे कऽ बेवस्था कइल जाला या त बुफर सिसटम में खियावल जई या निचे बइठा के खियावल जाई जइसे मन करी या तो कुर्सी मेंज पर खियावल जाीई जइसन बेवस्था होला ओइसे खियावल जाला परोसल जाला सब के खिया पिया के खुस कर के बिदा कइल जाला ।
8a56dd6f-ca67-4917-b525-dbf04ff7fb1c,बियाह में खर्चा कऽ जिम्मा लइका लइकि के माय बाप उठावेला । बियाह एगो अइसन रिस्ताह जे में एकदम अंजान लइकी एगो दुसरा के घरे जाके अपन घर संसार बसाएले अ पराया लोगन के अपनावेले । हमरा बिरादरी में मुअला के बाद करिया करम होला दाह संस्कार होला जे में गंगा जि के यहां पार्तिव सरीर के जलावल जाला ओकरे बाद पिंड दान होला ओकरे बाद घर में भोज भात होला जे में सब के बुलावल जाला दर दियादि हित नात सब के जुटावल जाला ।
9c9bb29d-cd64-49a0-b3fa-711de43db93c,किरिया करम घरहीं होला ओकरा बाद तेरह दिन बाद मुअला के तरह दिन बाद किरिया करम कइल जाला जे में सब के बुलावल जाला । ओकरी बाद दस करम होला ओकरि बाद किरिया करम होला जे में भोज भात होला लोगन के बुलावल जाला तरह दिन पर पुड़ी पकवान बनेला सब के खियावल जााला ।
984bc00c-1e49-4918-8917-d825c34d3643,मुअला पर दर दियादी हित नात रिस्तेदार बेटी पतोह सब के बुलावल जाला । मुअला पर दखिन दिसा में सब के बइठावल जाला । मुअला के बाद किरिया करम कऽ सुरूआत पण्डित जी जइसे कहेलन ओइसे ओकर सुरुआत कइल जाला । किरिया करम में जौन पुजा पाठ के समान लागेला ओहि कुल समान लागेला ।
ce6864ff-fd69-4ca0-a484-46d11627264d,मुअला के बाद किरिया करम ओकर लइका निभावेला जे ओकर बंस होला अगे कऽ उ सब करेला । मुअला के बाद किरिया करम में भोज में हर परकार के चिज खियावल जाला पुड़ी पुआ पकवान मिठाई दुध लस्सी हर चीज खियावल जाला ।
fdc1c904-14dd-4a2e-85d3-2f99902c4c94,मुअला पर किरिया करम पण्डित से पुछ के कुल समय पर काम कइल जाला जोन जोन पण्डित बतावेला ओ हिसाब से आदमी काम करेला । केहु के मुअला पर पइसा का जोगाड़ ओकर घर परिवार ओकर लइका ओकर फइका ओकर बड़ आदमी ओकर घर के सब करेला । हमरा बिरादरी में लइका के जनमले से लेके छठ्ठी बरही होला ।
1d4ae9a8-02c4-4b40-9534-5b03e20a8ffb,"लइका के जनमला से लेके ओके नाम रखऽ तक ई कुल काम अच्छा गड़ी में अउर घरे पर होला । लइका के जनमला के बाद ओकर नाम रखे तक ग्यारा बारह दिन होला, ओ कुल के नाम छठ्ठी बरही होला, ओ कुल लइका के अइले के खुसी में होला ।"
5ceaa02f-bed4-4ae8-943a-2ce8079a1ab4,लइका के जनम के दिन अउर ओकर नाम रखे के दिन पण्डित जी से पुछ के कइल जाला । लइका के जनमला के बाद जोन जोन दिन रखाला ओमे सब रिश्तेदारन के बुलावल जाला । लइका के नाम धरावे के दिन लोग अंगना में बइठे नऽ अउर पुररब दिसा में बइठेलन ।
6e0927d4-aff9-4ad7-95cf-a88568d361a9,लइका के जनमला के अउर नाम रखे के दिन कुल पुजा पाठ कइके सुरू कइल जाला । लइका के जनमला के अउर नाम रखे के दिन सब पुजा पाठ के अउर लइका के कपड़ा के करूरत होला । लइका के नाम धरावे खातिर पण्डित जी से मुहुरत निकलवावे के होला ।
473cf194-6bca-442d-9477-3ed9838da1eb,"लइका के जनमला अउर नाम धरावे के काम पण्डित, नाउन अउर घरे के सब लोग करेला अउ पुजा पाठ कर के होला । जउना दिन लइका के नाम धराला ओ दिन खाये पिये के कुल बेवस्था होला अउ खाये मे पुड़ी सबजी खीर मिठाई सब कुछ होला ।"
400a8f96-7eff-4748-a578-e461c0cdee9c,लइका के जनमला से लेके नाम धरे तक के दिन के कुल खर्चा अउर बेवस्था सब घरे के सब लोग उठावेला । लइका के जनमला से लेके ओकर नाम रखला के बारे में अउर कौनो जरूरी जानकारी नहीं बा । हमरा बिरादरी में बियाहे से पहिले लइका लइकी ना मिलेलन ।
e680c558-2be7-4e7c-9ecf-bacb0ea739ff,हमरा बिरादरी में बियाह खातिर लइका चाहे लइकी के बड़ बुजुर्ग खोजे जालन । लइका चाहे लइकी के खोजे खातिर बड़ बुजुर्ग जिम्मेवार होलन । हमरा बिरादरी में बियाह खातिर दू ठे करमठ कइल जाला । बिहाय निक घड़ी अउर निक दिन में होला ।
b8c1be5b-33eb-42a4-8025-e257488569cf,हमरा बिरादरी में दू ठे करमठ कइल जाला ओके नाम पण्डित अउर नाउन हऽ एसे कइल जाला काहे की बियाह निक से हो सके । बियाहे के दिन अउर समय पण्डित जी से पूछ के कइल जाला । बिहयाहे में कुल रिश्तेदारन के बुलावल जाला । बियाहे में लोगन के पुरूब दिसा मे बइठावल जाला ।
51a54142-ec55-4187-a9c4-b17ddb4b311d,बियाहे के करमठ के सुरूआत उनके बुलावा देके होला । बियाहे खातिर कपड़ा गहना खाना मिठाई सब समान के जरूरत होला । बियाह पण्डित नाऊन अउर सब करावेलन । बियाह होये से पहिले अउर होये के बाद खाये पिये के कुल बेव्सथा होला अउर ओमे पुड़ी सबजी खीर मिठाई सब परोसल जाला ।
39bc8583-ee0b-40a7-98f6-131f000c666c,बियाहे के कुल बेवस्था अउर कुल खर्दा के जिम्मा घरे के बड़ बुजुर्ग उठावेलन । बियाहे के बारे में अउर कौनो जानकारी नहीं बा । हमरा बिरादरी में केहू के मुअला पे सतनाना दसवा तेरही के किरिया करम कइल जाला । घाटे पर अउर ओहि समय कुल किरिया करम कइल जाला ।
0035578e-d6d4-48ab-8e9f-77f8f027d12f,मुअला पर कइ परकार के किरिया करम होला अउर आत्मा के सान्ती बदे कइल जाला अउर ओके नाम सतनहना दहवा अउ तेरही बा । मुअला पर सब लोग अउ रिस्तेदारन के बुलावल जाला । मुअला पर लोग दख्खिन दिसा मे बइठेलन । मउला पे किरिया करम के सुरूआत दख्खिन दिसा में सुता के होला ।
fe45b833-a8b0-4a2b-933e-c840382f8852,किरिया में लकरी गहरी अगरबत्ती कपन आदी कुल समान लगेला । मुअला के करम किरिया बड़ लइका या तो छोट लइका निभावेला । मुअला पर करम किरिया के बाद मिठाआई खियावल जाला अउर तेरही के पुड़ी सबजी मिठाई सब खियावल जाला । केहु के मुअला पर पइसा लत्ता के जुगाड़ घरे के लोग करेलन ।
2679c660-190e-4330-b5e2-fe27baa0be0b,मुअला के किरुया करम के बारे में अउर कोनो जानकारी नहीं बा । हांऽ हमनियो के बिरादरी मे पहिले तऽ ना मिलत रहला अब सब मिलता घुमता फिरता। सब फोन से बतियावत रहत तरुए। लइका के छठ्ठी के दिने नाम धराला अऽ ऒकर फुए धरेली।
1b43d304-8c15-45e1-8272-1f5f5af45c52,हमनि के बिरादरी मे पहिले सगुन उठेला ओकरा बाद मे मटकोरवा होखेला फिर ओकरा बा ले मड़वा होखेला मड़वा के फिर ओकरा बाद ले बरात आईल सब नेग चार हल्दी कलसा मटकोरवा सब चीज जेतना होखेला घी ढारी होखेला बरात के दिने।
63933985-d82d-4a7e-8528-149141c315a4,पु मरला मे भोज मे बनेला पुरी बुन्दिया कचौड़ी बनेला। ओकरा बाद ले तरकारी मे पांच किसम के तरकारी बनेला। एहि सब बनेला। हमम पणडी जी आवेलन बियाह के दिने। उनके ले आदमी बतिया के तय करवावेला के हल्दी कहिया बा मड़वा कहिया बा तिलक के दिन कहिया बाटे।
771b30c7-b80e-4433-a8e8-79071d32f641,मुअला पे अपना सबसे पहिले अपना गोतिया भाई के बुलाल जाला। जेकर बेटा रहल ओकर बेटा बहू बुलावल ओकर नइहर के आदमी के बुलावल गईल ससुराल के बुलावल गइल। सब कोई सामिल होजाला। बियाह के जानकारी बा एहि के आदमी सब लड़का लड़की के आदमी जांचल देखल होकर घर दूआर सब देख लेल जच गईल तब जाके ओजा बियाह आदमी ठीक कईल डेट उट अपना दिहल सब चीज बियाह सादी ठीक करलिहल।
61d38a72-5cb0-4fed-a819-658339c1a040,बियाह खातिर सब पान कसेली रोरी सब कुछ रहेला। कसेलि रहेला पान रहेला रोरी रहेला सिन्दुर रहेला। जे जे हवन करेके समग्री रहेला सब जे पण्डी जी कहेलन से सब गंगा जल रहेला। सब आदमी पण्डी जी के लगे रख लेला पण्डी जी अपन पूजा करावेलन।
223c457a-d252-4bb1-83c9-4a93cee020c9,बच्चा छौ दिन पर होजाला तब ओकरा आदमी ना छठ्ठी पुजेला नाम ओहि दिन रखााला। बहुत आदमी पणडी जी से पुछ के लगा बहुत आदमी अइसे अपने करलेला छौ दिन पर। ओकर फुआ एसे नाम कान मे बोलेले ओहि नाम जे बोलेले ओहि सब कोई बोलेला।
ba6b55c2-e383-4e48-81dd-c23bb2abf0c6,लइका के खोजे खातिर ओकर बाप रहेला। अगर बाप ना रहल तऽ भाई के जिमवारी होगईल भाईये करेला। हां चाचा रहल तऽ चाचा कईल। बियाह मे आपन जेतना परिवार बा हित मोइ सब भाई बन्धू गोतिया भाई टोला महल्ला सब के बुलावल जाला काड भेजल जाला।
9149ce5b-61e3-468e-8725-09614af6f33d,लइका के जनम भइला पे खुशी के मारे ओकर दादा दादी सब खर्चा करेला। रहेले दादा दादी रहेला खर्चा करेला सब कुछ जितना बेवस्था रहेला सब मिल जुल के सब परिवार करेला। लेकिन खर्चा करेलन दादे दादी। हमनि के बियाह मे पहिले तऽ रहला भाई बाप भाई जात रहला लइका के खोजत रहला पढ़ाई लिखाई सब देखत रहला। घर दुआर अगर पसंद पड़ गइल तब जाके आदमी उन्हा बात बिना टीपन बइठले त आदमी जात ना रहला टीपन लेआवत रहला।
3578ba6b-f79b-49a4-9e15-96d0d963c220,लइका के जनम लेला बाद छठ्ठी के दिने बारा बरी पुरी अऽ खीर सब कुछ बनेला पोलाओ बनेला पुरी बनेला। सब मर मिठाई रहेला बुन्दिया रहेला। जेकरा जौन होय साग जरुर बनेला कोहंडा जरुर बनि खीर जरूर बनि एहि हऽ।
721c92f9-71cf-4318-a402-32321fa4ccfb,लइका के जनम भइला पर छौ दिन पर छठ्ठी पुजाला। नाम करण नाम लिहल जाला ओकरा फुआ नाम रखेले ओहि नाम हे से सब कोई ओकरा बोलेला। पुरब मुहे आदमी छठ्ठी बइठ के पुजेला बच्चा के गोदी मे लेके फुआ काजर ओजर पारेले।
4e98ec96-60fd-4f8d-b8d8-1916618c8aa0,लइका के जनम भइला पर अपन सब परिवार गोतिया भाई आवेला। औकरा के सब कोई छठ्ठी पुजाला ओहि दिने नाम धराला फुआ कान मे बोलेले। ओहि नाम सब कोई बोलेला। मुअला पर जब अग्नी करके आवेला तऽ घर मे खाना बनेला। चावल रहर के दाल अब बनेता पहिले केराव के दाल बनत रहला। हऊ हरा मिर्चाई आ आलू के चोखा नमक उहे साथे खाला सादा खाना रहेला।
cd5b18e1-889d-467f-8d90-582703ce2d7b,लइका के जनम होला पर सब ओहि काम होजाला गोदी मे लेले बच्चा माई लेले। अऽ फुआ हई से अपना काजर उजर कइलस अऽ ओहि दिने नाम रखलस ओहि सब कोई बोलेला नाम। मरला पर कोई तीन दिन पर काम करेला कोई तेरह दिन पर काम करेला। दू परकार के काम होखत तरुए। कोई जाके कहिं भी काम करलेता गंगा जी के लगे करले तरुए। एगो आत्मा के शांती खातीर सब कुछ कइल जाला।
00dc007f-bb28-421b-8222-6b437eee6e32,उत्तर दिसा पर मुअला पर बइठेला आदमी। लइकन सब के बुला के सब के कुर्सी पर बइठावल जाला। कोई के दरी पर बइठावल। खूब अपना मगन से गीत मंगल गावल। बियाह मे पहिले सगुन उठेला ओकरा बाद ले तिलक चढ़ेला जाला तिलक जाला हल्दी कलसा मटकोरवा सब होजाला। फिर घी ढारी होखेला बराती आवेला ओकर के आदमी स्वागत करेला सब कोई जेतना परिवार बा सब आवेला। सब रात होजाला नेग करते करते फिर बारात। बियाह होजाला चार बजे भोर मे।
52d28b04-a4f7-4aa3-9c0c-e59122ca2a8f,लइका के जनम लेला पर सब पहिले तऽ पुराना कपड़ा मे लपेटल जाला लइका के नहवा धुआ के ओका बाद ले छठ्ठी के दिने छौ दिन पर पीला कपड़ा सवा मीटर मे लइका के आवेला। फिर बारा बरी पुरी सब चीज बनेला खीर बनेला पुरी बनेला सब नीचे मे बिछावल जाला। ओकरा बाद मे सिवा मईया के टिकाला। सब ननद करेले खाली लइका के महतारी सिन्दूर से टीके ले।
d40ff396-3890-4681-bf12-04922f75bb6d,जे घर मे मात मालिक रहेला ओहि जोगार करेला। चाहे बाप होखे बाप ना रहल तऽ भाई कईल भाई ना रहल तऽ चचा कईल। लइका के छठ्ठी पुजे वखत माई अ बच्चा के पूरब मुहे बइठावल जाला औहि घरी छठ्ठी पुजाला अ नाम रखाला ओकर फूआ कान मे बोलेले लइका के ओहि नाम मने सब कोई अब बोलेला। पूरब मुहे बईठावल जाला।
b64ccfc9-25c8-40fb-938a-09b2c2753e45,लइका के जनम होखेला सब कोई खुशी मनावेला। फिर छौ दिन पर छठ्ठी होखेला पुरब मुहे बइठा के फिर दिवार मे सब लीप पोत के सिवा मईया लिखा के लइका के गोदी मे केले फिर काजर पराला। ओकर फुआ काजर पारेली करेली। फिर माय गोदी मे लेके खाना खाले ओकरा बाद मे ओकरा।
cbc710e1-dfef-4d70-be36-9c7189b907dd,तेरह दिन पर औरत के बारह दिन पर आ मरदाना के तेरह दिन पर काम क्रीया कइल जाला भोज होला पण्डी जी खालन। तब दान पुण होखेला। बियाह तऽ पण्डी जी बतावेलन डेट देलन कि हां इ दिन बढ़िया बाटे ओहि घरि आदमी डेट रखेला। रात मे आदमी दिन मे तऽ भाई सब नेग होखेला लेकिन राते मे बियाह होखेला। चार बज जाला भोर होजाला।
da598cc4-7298-4e67-90e2-568cd5b428a3,बियाह होखे के पहिले सब पुरी बुन्दिया कचौड़ी जे बनल सब खाला खियावेला सब चीज होखेला। किरीया मे बने बनेला लगेला आटा लगेला घी लगेला चीनी लगेला गुड़ लगेला सब कुछ लगेला मर मिठाई बनेला सबजी आयला तेल आवेला मसाला आवेला।
76ecee6f-7fee-46ce-a4e9-80fafd27943e,बियाह के खरचा ओ जे मात मालिक रहेला से हि करेला चाहे दादा होखो चचा होखो भाई होखे। जेकरा उपर बार रहेला उहे खर्चा करेला। बाप मरल त बेटा निभावेला बाप बाप बेटा जब ओइसन होगइल त बाप निभावेला। सब एहि पनपरा चलल आवता एक दुसरे के निभावत रहेला।
28fc0e9e-cb52-436a-9da6-f26067644099,मुअला मे बिरादरी मे परिवार मे कोई मर जाला औकरा आदमी सब बिधी औकरो कईल जाला। कपड़ा मंगावल जाला औकरो तिल हऽ तऽ का हऽ का हऽ सब चीज जितना बा सब कइल अऽ। ओकरा बाद मे कोई अब बटे पा तीने दिन पर काम क्रीया होता। पहिले तेरह दिन पर काम क्रीया होत रहला। तऽ ओकरा मे सारा बिधी होत रहला सब खीलावल जात रहला पिलावल जात रहला। अग देउआ के अलग खाना बनत रहला। आ ई लोग के अलग बनत रहला रोज खाना जे मरल बा ओकरा दियात रहला।
29e76263-aa0c-4912-94f0-5124bcc76ad8,काम किरिया मे सब कोई मिल जुल के अपना कइल। सब चीज जेतना भइल समान रहल आटा रहल चीनि रहल घी रहल सब कोई मिल के सारा काम कइल। लइका के जनम भईला पर पर सब परिवार अपना आवेला गावेला बजावेला छठ्ठी पुजाला नाम धरावल जाला। फुआ ओकर नाम करेले धरेले ओहि पुरा परिवार बोलेला नाम।
100cd730-b84f-4d0c-9f7e-23733d443bed,लइका के जनम लेला ओकरा बादे मे आदमी नहवावेला धोआवेला औकरा छौ दिन के बाद छठ्ठी पुजाला। सब कोई आवेला गीत गवाला सोहर गवाला। सब पुरा जे अपना परिवार बइठेला कोहवर लिखाला ओकरा सिवा मईया लिखाला लइका के निचे चावल बिछाके कपड़ा मे लपेट के लुटावल जाला। फिर गोदि मे लेला तऽ ओकर फुआ काजर करेले। फिर नाम रखेले ओहि नाम सब कोई बोलेला।
